metric,std_linear,random_forest,boosted
mae,0.3720962536139326,0.11463432906441234,0.126681380545528
rmse,0.4438774247130652,0.15920853791957276,0.1669586403498586
