metric,std_linear,random_forest,boosted
pct_optimal_reduction,85.65417781533004,87.97999442201025,86.78697781756443
optimal_discharge_mae,0.12121190287991726,0.09266910222865922,0.10032876856452921
optimal_discharge_rmse,0.1624499907577965,0.12186934981242144,0.13133770247742715
