metric,std_linear,random_forest,boosted
pct_optimal_reduction,79.13716288456432,87.82004542657027,86.57920971735835
optimal_discharge_mae,0.21258041270908237,0.09495477489549961,0.10668933747485272
optimal_discharge_rmse,0.2756069361562029,0.1266103341237704,0.13898236118682503
