metric,std_linear,random_forest,boosted
mae,0.29074574142038845,0.11648750090583837,0.13153115505120466
rmse,0.37376761993886437,0.1532182152549228,0.1694131250288807
