metric,std_linear,random_forest,boosted
pct_optimal_reduction,80.35794045502799,87.4920760491684,86.59177166968489
optimal_discharge_mae,0.1956254420939949,0.09429417713355201,0.10223475303223185
optimal_discharge_rmse,0.26017144436978173,0.12347603206059696,0.1328095476165906
