metric,std_linear,random_forest,boosted
pct_optimal_reduction,79.05596815136903,87.90139127721524,86.48326619033632
optimal_discharge_mae,0.21354886213003263,0.09536052246639468,0.10781066879543173
optimal_discharge_rmse,0.27860498397314765,0.12534948298839396,0.1413293955473331
