metric,std_linear,random_forest,boosted
pct_optimal_reduction,72.74864718581122,85.51469455360454,84.27651292083142
optimal_discharge_mae,0.29080368835288595,0.11651643827730891,0.12968568689104773
optimal_discharge_rmse,0.37351531461193094,0.15379981962358355,0.1672137694505174
