metric,std_linear,random_forest,boosted
mae,2.8192197223130084,1.6845133637236085,2.5814284102637157
rmse,3.786736391520812,2.6933409110348845,3.7341529737744543
