metric,std_linear,random_forest,boosted
mae,2.76773784119253,1.7325596611554255,2.6896094403483173
rmse,3.760944616456114,2.7184532195202724,3.891802154295599
