metric,std_linear,random_forest,boosted
mae,2.767636055165057,1.731903562598095,2.689887486718317
rmse,3.76101897098669,2.7112261053058115,3.8907814225245945
