metric,std_linear,random_forest,boosted
mae,55.78798055372889,38.557334348718804,51.998899607875515
rmse,107.70078696970288,79.78023690769089,102.60504682644772
