metric,std_linear,random_forest,boosted
mae,57.49768826032397,37.508653270658314,49.695588674215834
rmse,110.5460609607449,78.85245046231887,99.19635672901995
