metric,std_linear,random_forest,boosted
mae,0.05732595162008611,0.03312163265306122,0.037666735704803424
rmse,0.11593121249859958,0.09229084041924267,0.09543125997309673
