metric,std_linear,random_forest,boosted
mae,0.056918207330386515,0.042230234359868286,0.0430295336642283
rmse,0.12747401617745496,0.11477997741505344,0.11229229210672383
