metric,std_linear,random_forest,boosted
mae,0.06151920349543848,0.041122100987575655,0.04392717380095634
rmse,0.14597958195299754,0.13582169062060445,0.13321211105470848
