metric,std_linear,random_forest,boosted
mae,0.0608888433589822,0.04916946515813833,0.04891247266826694
rmse,0.15656616464791065,0.15205818635856486,0.14660052893024583
